MSEa,MSEb,TPRa,TPRb,TNRa,TNRb,l2loss,l2loss_test,l1_smooth,l2_smooth,correl,method,fold,l1,l2,l3,max.iter
0.033758426502257924,0.018433859527786287,1,1,0,0,0.0034126406705777645,0.005613871464718557,0.20560853862461456,9.119586617423828e-4,-0.9991989041559447,genCCA,0,0.01,1,0,50
0.04601104479305156,0.03586853235743443,1,1,0,0,0.0035049353512286077,0.005679308109648617,0.2513871939228049,0.00108255724001097,-0.9985868915279988,genCCA,1,0.01,1,0,50
0.04623029528192585,0.043477572123495095,1,1,0,0,0.003475149966524026,0.007472395923836933,0.27852007029665043,0.0012426613620208473,0.9984116044840791,genCCA,2,0.01,1,0,50
0.032625336365094806,0.01588318093056671,1,1,0,0,0.003793951480381236,0.004708639910249478,0.22490371435643222,0.0011414488360620729,-0.9992445059270164,genCCA,3,0.01,1,0,50
0.0864045166405891,0.09012232848690721,1,1,0,0,0.0038107545389056644,0.010185310043868783,0.430998496034639,0.0012294342200619515,0.9947316571277995,genCCA,4,0.01,1,0,50
0.058779362958475405,0.044319673188120266,1,1,0,0,0.0034135061334478575,0.007085540660331893,0.31448451151878726,0.0011536786643995573,-0.99780410301643,genCCA,5,0.01,1,0,50
