MSEa,MSEb,TPRa,TPRb,TNRa,TNRb,l2loss,l2loss_test,l1_smooth,l2_smooth,correl,method,fold,l1,l2,l3,max.iter
0.02457060534911341,0.028812805840916476,1,1,0,0,0.005371613949239212,0.007317055012964538,0.11577948750681023,9.116741144605875e-4,-0.9998667035644845,genCCA,0,0.05,10,0,50
0.02863104241377614,0.033024247900900285,1,1,0,0,0.0056057603093862575,0.005188002474611133,0.12851507170317936,0.0010917410688748776,0.9998414829051995,genCCA,1,0.05,10,0,50
0.02830148666431042,0.020900329675324812,1,1,0,0,0.005566860609215759,0.005203018037236194,0.13130267673964036,0.0011731577138112488,0.9998403822770338,genCCA,2,0.05,10,0,50
0.03185043808744566,0.03160071445662885,1,1,0,0,0.005340834898909029,0.0067228645617057586,0.12513871972547827,0.0010429945287603877,0.9998357818859118,genCCA,3,0.05,10,0,50
0.027313978210635484,0.03976385989090411,1,1,0,0,0.005102917471781101,0.007194432847118031,0.1362743361662733,0.0011829122295222035,0.9998026476395107,genCCA,4,0.05,10,0,50
0.0325795535037292,0.035822509445316966,1,1,0,0,0.005726421250913616,0.005586367131156059,0.12958650850308748,0.001156903016645313,-0.9998816908980369,genCCA,5,0.05,10,0,50
