MSEa,MSEb,TPRa,TPRb,TNRa,TNRb,l2loss,l2loss_test,l1_smooth,l2_smooth,correl,method,fold,l1,l2,l3,max.iter
0.037188551187719285,0.026077763664305607,1,1,0,0,0.0038837278541155873,0.005355796428796896,0.257050277626715,8.444031265558183e-4,-0.9990196345889709,genCCA,0,0.05,0.1,0,50
0.03859492657970359,0.02464334472267065,1,1,0,0,0.003759767452451265,0.006086995551381139,0.28295616733583434,0.0010285027538651894,0.9989249397877022,genCCA,1,0.05,0.1,0,50
0.03698471338221686,0.0269503431758179,1,1,0,0,0.003799240877643277,0.005399588643309602,0.3054459633320494,0.0011899835706443078,-0.9989838040941683,genCCA,2,0.05,0.1,0,50
0.03749099870884316,0.033967588595160726,1,1,0,0,0.003688512173030523,0.005642243117364191,0.26958548395600246,0.0010083347481684404,0.9990581362347204,genCCA,3,0.05,0.1,0,50
0.03785983230863267,0.021018106882677957,1,1,0,0,0.0038939486926564486,0.005195943631242805,0.2946552148253477,0.001055125496420155,-0.9990089778379816,genCCA,4,0.05,0.1,0,50
0.048513382171770106,0.03430076201078731,1,1,0,0,0.0038352476859646978,0.006977571754115429,0.3008662299964291,0.0010768503648536196,-0.9982406846582779,genCCA,5,0.05,0.1,0,50
