MSEa,MSEb,TPRa,TPRb,TNRa,TNRb,l2loss,l2loss_test,l1_smooth,l2_smooth,correl,method,fold,l1,l2,l3,max.iter
0.12654847887324214,0.05713134565946478,1,1,0,0,0.0028164340473126963,0.009984492994957014,0.7537999809306747,0.0014697412200167848,-0.9880810634149206,genCCA,0,0.05,0.01,0,50
0.1727273831488165,0.06701394156474792,1,1,0,0,0.0030920051145375605,0.014390976563230951,1.0061536000098976,0.002365491723335629,-0.9777657168121674,genCCA,1,0.05,0.01,0,50
0.1652204827293184,0.06173144259755159,1,1,0,0,0.0033009909907946258,0.009963209324967923,0.9740350497511813,0.0023093337629677075,-0.9796998762206326,genCCA,2,0.05,0.01,0,50
0.1690622985917744,0.05554419367647664,1,1,0,0,0.0034269492988611493,0.013123109534934986,1.0178974947604378,0.0023333660541622787,-0.9788144550883021,genCCA,3,0.05,0.01,0,50
0.14203483247609572,0.04714594462961032,1,1,0,0,0.0033129828743289486,0.008717664759125516,0.8893701434285187,0.0020451340584162507,0.984886513360811,genCCA,4,0.05,0.01,0,50
0.2118094734626644,0.11570339042674004,1,1,0,0,0.003021905055605952,0.0133255258861741,1.2701187194418675,0.0032770635211561384,0.9664855586096498,genCCA,5,0.05,0.01,0,50
