MSEa,MSEb,TPRa,TPRb,TNRa,TNRb,l2loss,l2loss_test,l1_smooth,l2_smooth,correl,method,fold,l1,l2,l3,max.iter
0.036339067016024414,0.023266114156440386,1,1,0,0,0.003505885375058428,0.005348599264887589,0.18188370812472546,8.485812108919393e-4,-0.9990361839932528,genCCA,0,0.01,1,0,50
0.03903771193835657,0.020661736242656818,1,1,0,0,0.003771211249560029,0.00517206523325717,0.18944137730096094,0.001030320500613981,0.9988947848655734,genCCA,1,0.01,1,0,50
1.3616647770796326,1.416778333803172,1,1,0,0,0.012132165784710032,0.09782872060292139,4.653059287749884,0.035989488422023465,0.30707447581092234,genCCA,2,0.01,1,0,50
0.03578794463591586,0.0324479649416758,1,1,0,0,0.0036163700695937906,0.005311826846248577,0.1862381822414184,9.950236433471616e-4,0.9990725872589392,genCCA,3,0.01,1,0,50
0.038425996131851985,0.02223284950135554,1,1,0,0,0.0035467329953612157,0.005707463874778504,0.21526955367177641,0.0010485425362920366,0.9989490842961417,genCCA,4,0.01,1,0,50
0.04312444245000145,0.033484155548600354,1,1,0,0,0.0035125775852758545,0.00611715343932798,0.22342440452188064,0.0010557842104159502,-0.9986282930104102,genCCA,5,0.01,1,0,50
