MSEa,MSEb,TPRa,TPRb,TNRa,TNRb,l2loss,l2loss_test,l1_smooth,l2_smooth,correl,method,fold,l1,l2,l3,max.iter
0.08964591005757387,0.03554962571064256,1,1,0,0,0.002944097090143418,0.011323749017475218,0.5817670542722431,0.0011432188366396713,-0.9939836517151891,genCCA,0,0.05,0.01,0,50
0.10987622836044443,0.07550433366829988,1,1,0,0,0.003962807356071122,0.012207276795445312,0.7756377769725247,0.0017080218267921826,-0.9911538742901934,genCCA,1,0.05,0.01,0,50
0.1379170780753848,0.06385207113480314,1,1,0,0,0.003405528864989517,0.013613490693103138,0.8994755838232545,0.0018759863072426678,0.9857813113947355,genCCA,2,0.05,0.01,0,50
0.09578602822767751,0.040006435011334995,1,1,0,0,0.003701183873848696,0.008404783345418975,0.7011870861404269,0.0015662904849872473,0.9931317096365905,genCCA,3,0.05,0.01,0,50
0.11083875014340039,0.057558788160017804,1,1,0,0,0.003739270324774015,0.011033698170193442,0.7592770318664137,0.0016142242067025611,-0.9908133104327436,genCCA,4,0.05,0.01,0,50
0.12291177322829928,0.07925986942207035,1,1,0,0,0.003221421466450017,0.017394083414200595,0.8064786199992348,0.0017311761778612362,-0.9891444158534789,genCCA,5,0.05,0.01,0,50
