MSEa,MSEb,TPRa,TPRb,TNRa,TNRb,l2loss,l2loss_test,l1_smooth,l2_smooth,correl,method,fold,l1,l2,l3,max.iter
0.035509240452955226,0.0177677086210777,1,1,0,0,0.0037289967811339844,0.006100183951027518,0.274608185676901,9.158295632401457e-4,-0.9990678255365626,genCCA,0,0.05,0.1,0,50
0.0487509013699197,0.030244187978188387,1,1,0,0,0.0037994263849443284,0.0057371196369027915,0.34326918266566775,0.0011240859915579936,-0.9983670182414385,genCCA,1,0.05,0.1,0,50
1.3151634362519462,1.4456913165010918,1,1,0,0,0.01876187136305506,0.10582513904518456,3.7913801643743787,0.034054763197662014,-0.1472457111415422,genCCA,2,0.05,0.1,0,50
0.034768257234633226,0.01937670377997501,1,1,0,0,0.003920075223525368,0.004953618907803723,0.30529350925467486,0.0011745137795710755,-0.9990991408276635,genCCA,3,0.05,0.1,0,50
0.03791302308059124,0.01300041033515377,1,1,0,0,0.0037601032022176787,0.003932369741945975,0.304481278716689,0.0011288083538214548,-0.9989379391974355,genCCA,4,0.05,0.1,0,50
0.037471801917187866,0.02468704239728844,1,1,0,0,0.0035804161164046766,0.005794850893966371,0.31747249308988656,0.0011966935646046432,0.9990031137979132,genCCA,5,0.05,0.1,0,50
