MSEa,MSEb,TPRa,TPRb,TNRa,TNRb,l2loss,l2loss_test,l1_smooth,l2_smooth,correl,method,fold,l1,l2,l3,max.iter
0.050443174390446176,0.02044228679877391,1,1,0,0,0.003993206037536929,0.0064176678445469,0.23632548880248566,7.533367506770235e-4,-0.9983958330312048,genCCA,0,0.01,10,0,50
0.0650736869828426,0.03426699369985063,1,1,0,0,0.004282693621147066,0.007001102392802613,0.2887601091363807,8.703215813104502e-4,-0.9976703180459775,genCCA,1,0.01,10,0,50
0.05856884992914943,0.02278385857293481,1,1,0,0,0.004108840653983111,0.007145861501579587,0.27841803783924635,9.451678300995463e-4,-0.9978769923735097,genCCA,2,0.01,10,0,50
0.05089719211469491,0.021964641624543542,1,1,0,0,0.004357835556375635,0.0054242393974848705,0.2722819584238236,9.285369565773762e-4,0.9983806283376881,genCCA,3,0.01,10,0,50
0.055987385725346804,0.019871663167270796,1,1,0,0,0.0042023018326689575,0.006017995264335103,0.2728694929294606,8.753543638313384e-4,0.9980479167855545,genCCA,4,0.01,10,0,50
0.06143532837194074,0.03245056098377822,1,1,0,0,0.004112213369196748,0.007477436843604982,0.2885488697447679,9.403088519086522e-4,0.997904817141267,genCCA,5,0.01,10,0,50
