MSEa,MSEb,TPRa,TPRb,TNRa,TNRb,l2loss,l2loss_test,l1_smooth,l2_smooth,correl,method,fold,l1,l2,l3,max.iter
0.12039890000866246,0.044254777216524585,1,1,0,0,0.0031122230066626105,0.012716577834590743,0.7310443808507663,0.001650517875949125,-0.9891682813445233,genCCA,0,0.05,0.01,0,50
0.17268413546015163,0.097619173472888,1,1,0,0,0.003610884369892936,0.01567112833099634,1.1347335085772365,0.0029217028400445495,-0.9777337312724341,genCCA,1,0.05,0.01,0,50
0.18645543440075035,0.08035188547517119,1,1,0,0,0.004009106218229956,0.015656026388475033,1.1292084280997856,0.0027499663414457184,-0.9739478556121242,genCCA,2,0.05,0.01,0,50
0.17604598011786227,0.045535607456853706,1,1,0,0,0.0031551791739400947,0.01712419609124979,1.0977685888344773,0.002765294950470304,0.9769709976449121,genCCA,3,0.05,0.01,0,50
1.4543716455725084,1.5482773601450537,1,1,0,0,0.011498925604163851,0.12479573477123708,7.582025814414574,0.08598098119323126,0.05373378199949119,genCCA,4,0.05,0.01,0,50
0.15255931081054436,0.061362619746663086,1,1,0,0,0.0033954046427931927,0.014053774324106077,1.02579844186645,0.0025108476995085558,-0.9826026150380734,genCCA,5,0.05,0.01,0,50
