MSEa,MSEb,TPRa,TPRb,TNRa,TNRb,l2loss,l2loss_test,l1_smooth,l2_smooth,correl,method,fold,l1,l2,l3,max.iter
0.050823698840812184,0.018824706312603447,1,1,0,0,0.004768754600429191,0.006378240975138211,0.27910778440522244,0.0010496795464240772,-0.9987940982144243,genCCA,0,0.01,10,0,50
0.0724669861826507,0.024766468551286235,1,1,0,0,0.005039762935320925,0.009332840100363882,0.37595684491708825,0.0013429575661219346,0.9980169959066155,genCCA,1,0.01,10,0,50
0.06312556675810208,0.03235159686962566,1,1,0,0,0.005128831881182124,0.008781245257213723,0.3237776329967998,0.0011943444451213412,-0.9983978067466394,genCCA,2,0.01,10,0,50
0.0563761690737947,0.017084964409440517,1,1,0,0,0.00483374507534282,0.007305135446088762,0.31121149022612965,0.0012293786156890307,0.9984598246661284,genCCA,3,0.01,10,0,50
0.05911066289197593,0.021885502656551026,1,1,0,0,0.005043843454381938,0.006938073143236396,0.3296849358495481,0.0012761694551399149,0.9985768343031685,genCCA,4,0.01,10,0,50
0.06023157983081195,0.02434656233540627,1,1,0,0,0.004740654529245279,0.008343266551877825,0.335356626095429,0.0012750396143000131,-0.9985697643571928,genCCA,5,0.01,10,0,50
