MSEa,MSEb,TPRa,TPRb,TNRa,TNRb,l2loss,l2loss_test,l1_smooth,l2_smooth,correl,method,fold,l1,l2,l3,max.iter
0.034091102458590636,0.02298459483582186,1,1,0,0,0.004105835702310513,0.00783266010652892,0.18992920890775908,8.155579417081926e-4,-0.9991396478575612,genCCA,0,0.01,1,0,50
0.04005869150584279,0.03176650356499765,1,1,0,0,0.004840935895905924,0.0067039416387385045,0.2016300443600959,9.947112131222938e-4,-0.9989677402663008,genCCA,1,0.01,1,0,50
0.0405823650337027,0.01843736771825029,1,1,0,0,0.004061388972095212,0.0063580705508285065,0.2242548826897155,0.0010211160379074095,-0.998770078943998,genCCA,2,0.01,1,0,50
0.04248182645711054,0.026307150895856536,1,1,0,0,0.004255795991854729,0.006886598106212228,0.2302413135950766,0.0010249706959577043,-0.9986492902886576,genCCA,3,0.01,1,0,50
0.04237082184089705,0.023732001369053395,1,1,0,0,0.004111320310108824,0.00724554779561393,0.22729918629584792,0.0010466384300453079,0.9986562223473345,genCCA,4,0.01,1,0,50
0.03282468658902236,0.03270770665943935,1,1,0,0,0.0038751375220480297,0.008663993411645044,0.19966983201212624,9.864627408387777e-4,0.999288728042255,genCCA,5,0.01,1,0,50
