MSEa,MSEb,TPRa,TPRb,TNRa,TNRb,l2loss,l2loss_test,l1_smooth,l2_smooth,correl,method,fold,l1,l2,l3,max.iter
0.03656076357030019,0.015844820426083348,1,1,0,0,0.004428201127789388,0.006319898223154302,0.3215187365006574,0.0012458610125798734,-0.9990464153156073,genCCA,0,0.05,0.1,0,50
0.040241261079272235,0.02129671505304933,1,1,0,0,0.004342924216649508,0.006126345553628658,0.3762851883735134,0.001697308428506317,0.9988688975583404,genCCA,1,0.05,0.1,0,50
0.041001398218075684,0.021915933101085566,1,1,0,0,0.004491489805035861,0.006566086197241966,0.3625263485753435,0.0014477135181082152,-0.9987863662609466,genCCA,2,0.05,0.1,0,50
0.03897866714396665,0.016831716295479856,1,1,0,0,0.004215620756968061,0.007208062034785098,0.3501602230013844,0.0014902989025451538,0.9988948571996271,genCCA,3,0.05,0.1,0,50
0.03604910013934368,0.020534311865180583,1,1,0,0,0.004281744509582794,0.006152935553461284,0.3699996578399404,0.0015850404456320866,-0.9990757652201201,genCCA,4,0.05,0.1,0,50
0.03789562211644892,0.0201058291422194,1,1,0,0,0.004015456669747177,0.006881838107435825,0.3682273312386281,0.0015636312584358508,-0.9990283837707677,genCCA,5,0.05,0.1,0,50
