MSEa,MSEb,TPRa,TPRb,TNRa,TNRb,l2loss,l2loss_test,l1_smooth,l2_smooth,correl,method,fold,l1,l2,l3,max.iter
0.035354144743695866,0.028224342738716476,1,1,0,0,0.003914020831817188,0.00642900837290261,0.2756494629316483,9.698487478393462e-4,-0.9991034854165073,genCCA,0,0.05,0.1,0,50
1.343754306579283,1.45560309910198,1,1,0,0,0.018486846126449158,0.12775337844202064,3.7801742688172975,0.03125064728446239,-0.3306026896710167,genCCA,1,0.05,0.1,0,50
0.041569013302582364,0.02045034152234785,1,1,0,0,0.0038267723860118067,0.005986051354066427,0.3255011768751114,0.0012581152413980784,0.9987877331895009,genCCA,2,0.05,0.1,0,50
0.03690748227837496,0.027518265774683606,1,1,0,0,0.003813565135943892,0.006121496485043217,0.3053096582620394,0.0011658552115802866,0.9989804189437095,genCCA,3,0.05,0.1,0,50
0.037211507371536466,0.03681623727456299,1,1,0,0,0.0036255805023296304,0.006794810494929066,0.3163414448548747,0.0012662764748808248,0.9990153529872919,genCCA,4,0.05,0.1,0,50
0.03466802469898772,0.03384960459197839,1,1,0,0,0.0037913690137024564,0.004827763252970702,0.30298798414847333,0.0012328764122337525,0.999142881454041,genCCA,5,0.05,0.1,0,50
