MSEa,MSEb,TPRa,TPRb,TNRa,TNRb,l2loss,l2loss_test,l1_smooth,l2_smooth,correl,method,fold,l1,l2,l3,max.iter
0.14126690416526003,0.059259406220166046,1,1,0,0,0.003438999642126866,0.011684042852834706,0.833231724517197,0.0018428560139401495,-0.9851027637934892,genCCA,0,0.05,0.01,0,50
0.19901616760294533,0.06172047309189167,1,1,0,0,0.0034951571590645827,0.016319011289359805,1.119036239195693,0.0028950715395824407,-0.9707271603216528,genCCA,1,0.05,0.01,0,50
0.1894624611850359,0.07049518382884007,1,1,0,0,0.003773034244169419,0.013259696242960663,1.1226627570571028,0.002926490388879745,-0.9730986688963084,genCCA,2,0.05,0.01,0,50
0.20736318342151475,0.09597405381732696,1,1,0,0,0.004122387490787825,0.02139855578988059,1.1891706626878984,0.003053852566331899,-0.96781133363594,genCCA,3,0.05,0.01,0,50
0.2004925519680351,0.07347048534154293,1,1,0,0,0.003776194855789047,0.01928703595866563,1.1606995496981003,0.002945782360277317,0.9700143920625313,genCCA,4,0.05,0.01,0,50
0.1565708339577615,0.05825403861787635,1,1,0,0,0.003618431683366473,0.013389751243279468,1.0890164838644654,0.003085120617849112,0.9822975883819894,genCCA,5,0.05,0.01,0,50
