MSEa,MSEb,TPRa,TPRb,TNRa,TNRb,l2loss,l2loss_test,l1_smooth,l2_smooth,correl,method,fold,l1,l2,l3,max.iter
0.04163193357703108,0.027919176462285977,1,1,0,0,0.003808114972826999,0.008205345018881765,0.25835814656307254,8.545673704234006e-4,-0.9987092672071993,genCCA,0,0.01,0.1,0,50
0.05266979153429087,0.03864944893508647,1,1,0,0,0.004344928744294069,0.007038969240704732,0.36213512863620156,0.0011385962429767203,0.9979235403667938,genCCA,1,0.01,0.1,0,50
1.363641541052478,1.466755613180911,1,1,0,0,0.00910773987020186,0.12064082268017122,5.393260455334728,0.052677569345486154,-0.21933469448955353,genCCA,2,0.01,0.1,0,50
0.05278014947552114,0.03034328861631074,1,1,0,0,0.004063249511873615,0.007158007453674387,0.33715704782170647,0.0011081498088129592,0.9979146806480377,genCCA,3,0.01,0.1,0,50
0.055236945091581835,0.032103259423086755,1,1,0,0,0.003941437736377365,0.010187277331753859,0.3415293953982134,0.0011471585042470912,0.9977573775159997,genCCA,4,0.01,0.1,0,50
1.2397142878982013,1.38488416692621,1,1,0,0,0.006568637773517718,0.08704747985188584,5.230040101081203,0.048399781291641686,-0.37189691280752285,genCCA,5,0.01,0.1,0,50
