MSEa,MSEb,TPRa,TPRb,TNRa,TNRb,l2loss,l2loss_test,l1_smooth,l2_smooth,correl,method,fold,l1,l2,l3,max.iter
1.4637698264659884,1.3965843902852424,1,1,0,0,0.005102926065099962,0.16043762190823427,9.767399606450011,0.15431265209064612,-0.06118134913333462,genCCA,0,0.1,0.001,0,50
1.2590052920806252,1.3573273280912097,1,1,0,0,0.015046697674418246,0.12146480074533937,9.172288823882319,0.14806658486283023,-0.1868438362734575,genCCA,1,0.1,0.001,0,50
1.528170602713821,1.536941409892106,1,1,0,0,0.012997994353219158,0.1356296209718825,8.373647326983662,0.11773672209669855,-0.0029357080724521914,genCCA,2,0.1,0.001,0,50
1.4691351063418279,1.4187220299023582,1,1,0,0,0.012214115205154984,0.10840912966866219,8.434635691530683,0.12085974031803971,-0.12764683419489153,genCCA,3,0.1,0.001,0,50
1.5237284783984986,1.5378810958665625,1,1,0,0,0.009776896648114266,0.13826937967397546,7.936126881068595,0.10783471739835003,0.012255247136395935,genCCA,4,0.1,0.001,0,50
1.2872728686124917,1.1694250480840567,1,1,0,0,0.009939033800134394,0.09183590459975179,7.138574775138278,0.08913217515713927,-0.16769767758191384,genCCA,5,0.1,0.001,0,50
